,users
45,_analisa_
171,_north_carolina
177,_osint_
183,_politicsnews_
192,_richard_a_king
197,_rotten_apple
225,_taintedartist
239,_ultima_ratio_
253,003a04f8c2054b7
257,00lovelyday00
258,0124palin
288,100concerned
296,10535max
342,1612house
344,1776betsyross
352,18ean13
356,1964alvarado
376,1bublove
377,1carpediem2016
381,1crazystlgal
391,1everydaywoman
406,1jelliott1
416,1loveinme
425,1oldsalt
436,1sonny12
440,1stidvet
453,1visionamd
471,21stcenturycrim
476,22c0in
479,23smlsaleaholic
489,24trumpnews
499,2924vo
506,2bigj
507,2billyarber
521,2h01r6c
525,2jeje
526,2keepcalm
543,2sense2
560,32gipad
589,3ruesainthonore
601,413714
621,4bitcoin
626,4d4mj3ns3333n
629,4everconstant
633,4freedom4ever
671,53kalevasjanice
674,53wizard
709,64dodger
722,704livin
733,74f5c728e7d446d
765,7ladyq
778,808hopeful
796,88reasonswhy
803,8simon9
805,9072021
824,9francioni
834,a_degeatano
863,aaa111333zzz
866,aaalexjohns1
879,aamerican4usa
892,aaroncodiyerd
900,ab2623
909,abben_anna
920,abcpolitics
945,abinormal1
983,abunudnik
995,acahmak
999,accident
1002,accuracyinmedia
1003,ace__of__hearts
1013,acekdog
1030,acobasi
1047,actdontreact
1050,activity_viral
1054,actualflatticus
1065,actwithlainy
1078,adair_brion
1111,adamreallywon
1121,adcox71
1132,adelita7
1144,adfowl
1155,adkprop
1168,adorably_nerdy
1188,adrienne4619
1189,adriennearauz
1199,aduanebrown
1200,adulthuman1
1233,afchris77
1236,aff4bc
1257,afrikadavid
1264,afterseven
1269,afuteacher1
1279,agejustnumbers
1280,ageless_vintage
1285,agentlinton
1329,ahernandez85a
1353,aileentrump
1354,aillinoi
1362,airball5000
1364,airegeek
1367,airopera
1401,ajmcguire4
1443,akhetaton11
1444,akhlass1
1446,akjc77
1460,al_bouchard13
1466,al_stage
1489,alanbigalblack2
1508,alaskarebel
1525,albert1776
1574,alejandro_muji
1603,alex1453
1605,alex44589115
1609,alexand3rthemeh
1629,alexcharner
1654,alexlokillo11
1681,alfolart
1682,alfonsohapp
1692,algopolitic
1713,aliceballard27
1731,aliciabesada
1738,aliljaded4u2
1768,all__the__news
1773,allabouthelp
1778,allanbrauer
1781,allanjfoto
1790,allenbarr1
1793,allenvollbrecht
1795,allettoratted
1805,allieinmo
1817,allisonweir83
1821,alllibertynews
1827,allpoliticsapp
1842,allymally13
1844,allynightowl
1867,aloulouomar
1879,alpstwt
1882,alreadytaken367
1894,alt_rightnews
1942,alyssastew77
1952,amaechi29
1978,amazinghands
1981,amazingsop1
1988,amberis4lsu
1996,ambreagray
1997,ambrialee
2002,ameierameier
2003,ameliachasse
2008,ameliastanley4
2010,ameliebaldwin
2032,americanbrawn1
2034,americanfreedo2
2036,americanheart5
2037,americanlizzy
2039,americanmex067
2043,americannews200
2047,americanspringg
2048,americansr4dt
2059,americasgarden
2069,amicae63bms
2074,aminion1
2085,amjustfree
2087,amlivemon
2088,amlm1959
2129,amyfreyfloch
2133,amymariewillard
2136,amymurdock
2140,amyrodgers27
2167,anamerican4
2169,anantucketlady
2210,andgrateful
2230,andrecrews2
2232,andrefrato
2287,andwar3
2294,andyblandina
2298,andyfitzsimons
2304,andykindler
2305,andyking191
2328,ang_t_00
2331,angdonlon
2346,angelakissesu
2373,angelinthepine
2379,angelmdunn1961
2383,angelojtm
2397,angeluskjt
2404,angiedetroya
2412,angloshok
2431,anilns425
2455,ann_b_barber
2457,ann_m_c
2501,anne_kahn
2505,annearkee
2506,annebrower
2512,annehillebrand2
2521,annettependleb4
2525,annforchange
2528,annh1958
2530,annie_amountain
2533,annie5133
2535,annie7654321a
2545,annieoakey222
2552,annk1122
2572,anomaly1
2616,anthbingo
2631,anthonyblunden
2643,anthonyjromano
2665,anto_martino_
2685,anuj_esoj
2697,anzaharova95318
2700,aoafam
2713,apalmieri012
2716,apbayer38
2727,apipwhisperer
2743,apoyodechile
2761,aprildeming
2769,aprtx2016
2785,aragonac
2807,arch_angel9999
2808,archangelmagicx
2821,arealprincesa
2833,argojournal
2895,armour_brad
2911,arpdid911
2917,arrowsmithwoman
2932,artbylisabelle
2938,artgirlfun
2943,arthurangell
2955,artistangray
2960,artmanjanet
2976,arvelmauldin
2995,asburykenith
2997,ascension_guide
3000,asdomke
3030,ashtonp1960
3034,asianmysteryman
3043,askkathy
3055,asperry3
3057,assangecase
3059,assiduousrabbit
3062,assyriangirll
3065,astensattoc
3073,astroterf
3090,ateacher97
3095,atheist_strong
3111,atlanbe
3112,atlantatweeps
3118,atmkcj06
3126,atomicnmbr_au79
3173,augbatdes
3175,augiemartello
3178,augustlady241
3180,auntfannyspants
3185,auntsophie1
3205,austink89
3226,autospam_tweets
3233,autumnrainwater
3284,avtppdave
3292,aweibs25
3306,aworldoftruth
3307,aworldoutofmind
3311,awsedr8
3315,axelrod_ej
3354,aziziothmanmy
3373,b_mullaney
3382,b1e56df9ce6549f
3383,b1naryfreed0m
3385,b34ns
3399,ba68scgal
3436,back61soprano
3461,badjerry_1
3462,badmamajama226
3467,badtom_seven
3471,bagatino
3473,baggabrigade
3474,baghdadjimwade
3481,baileylewis23
3505,balihai2
3508,ballardcporet
3510,ballhawkingbeas
3535,bamanicky
3559,banks_joel
3584,barbaras370
3587,barbarazaccai
3597,barberreemike
3642,baroqueartisan
3655,barryten
3664,barton_lavern
3685,basshooker2
3692,basuhan9
3734,bbguru711
3740,bbl58
3745,bbodine18457
3750,bbramall
3751,bbrh123
3781,bdamiano1
3796,bdragon1984
3807,beachdreamin291
3821,beamin4trump
3826,bear_4bear
3827,bear_oyo
3839,bearwitnessctl
3846,beatclubclothng
3858,beaulavergne
3874,bechey
3877,becker_berta
3892,bedmv
3897,beefman46
3906,beeshuffield58
3917,beinpulse
3924,beladonnarogers
3941,bella_dandalora
3946,bellarafailova
3948,bellefortrump
3951,bellis2488my
3952,bello_eileen
3961,belynda13
3995,benitovlezjr
4004,benkhaled02
4010,bennett1128
4020,benross75
4079,bernieevents
4085,bernieorbust2
4090,bernieupstateny
4093,bernituptv
4102,bertspost
4118,bestochomes
4137,bethpendergraf1
4167,betz_carl
4173,beveridge
4190,bfinstock2_0
4192,bfletcherblake1
4195,bfraser747
4196,bfrasier1951
4197,bg55harpoon
4198,bgaloot42
4233,bicknellshirley
4239,biegenzahn
4245,big_carsonrocks
4265,bigdaddyted
4287,bigkahuna919191
4303,bigplaincircle
4315,bigshow401
4320,bigtimefootball
4328,bikehelmetride
4342,bill_huff
4345,bill_perezar
4355,billbindc
4356,billbong9059
4376,billks1
4382,billlonbeck
4384,billm9
4395,billrollins6
4405,billy_joe2
4406,billy98102
4416,billydakid6
4447,birdieanderson4
4448,birdiebelly1
4453,birrdytalk
4470,bitterclinger08
4505,bjorkianrice
4508,bjorndstss
4537,blackdove31
4578,blang71
4579,blankenbecklers
4608,blessmyliberty
4610,blicqer
4647,blove65
4648,blp112434
4656,blue_387
4658,blue1521
4682,bluejacket591
4696,bluestaterdemoc
4703,bluevotr
4709,bluizk81
4711,blupfront
4743,bndsnoopy61
4751,bo0tiez
4776,bobbyannf
4779,bobbycatania
4786,bobbyhochu
4792,bobbythedruid
4793,bobcpcww
4799,bobg727
4820,bobsmith2111
4830,bocalegend
4838,bodymankra
4847,bohoover
4860,bolfase1
4861,bolickcarl
4874,bonartgl
4896,bonniemadden
4898,bonniep58
4922,boolouise
4923,boomboomrock68
4934,boots27boots
4942,borealizz
4962,bosnerdley
4981,boulogne123
4994,bowen_megan78
5021,bppope
5029,brackenexpo
5035,bradall76027393
5070,braintwat
5079,brand28
5099,brandymross
5109,bratnvet
5111,bravehart60
5138,breakinnewz1
5156,brenda_hamner
5165,brendaggett
5181,brendasue28
5195,brent_pa
5202,brenz1
5234,brianfeldbusch
5258,brianscott18
5264,brianswiftie13
5265,briantcairns
5301,britinnv
5335,brokerbev1
5342,brontyman
5371,brown807
5374,brownieelfdr
5381,brownsugargh
5393,brucehagen
5418,bryan700
5438,bsbct
5443,bsenf1
5493,buckheadbaby
5502,buckwilde
5509,buddah_luck
5515,buddybird10
5516,buddyhuggins
5520,budswdrbobbillw
5526,buffaloon
5532,bugsbjr
5548,bulldog1105
5555,bunkerfunkjoy
5558,bunnypiper
5578,burnettcynthia
5605,butchstew1
5613,buttonlol
5632,buzzzbea
5666,byrd_ed
5669,byrum_karen
5673,bzazzie
5682,c_cgottlieb
5715,cabbobby
5728,cactusflower81
5732,caddman80
5734,caddysmomanddad
5737,cadillaclade12
5750,cagoldenbear
5771,cajunairess
5774,cajunhossman1
5779,cala_1111
5816,callawaybot
5824,callmemylady
5849,cam_geary
5856,camarokiddos
5885,campbellssoup7
5890,camtemp
5896,canadiancooper
5922,canes901
5923,canesdave
5933,cantrellwriter
5992,carbidechuck
6012,cariboukitty
6027,carlapaul18
6043,carlisleboy
6044,carlislecockato
6049,carlnyberg312
6050,carlo_vonsexton
6057,carlos_thinks
6089,carmelcane
6102,carmic14
6112,carnucci_ha
6131,carold1123
6132,carold501
6143,carolfoster13
6145,carolin42539648
6150,carolinefili
6152,carolinelv
6159,carolsakelcosta
6165,carolyn31806792
6174,carpediem1013
6191,carrmaduke
6212,carylg81
6222,caselvis58
6224,casey2513
6225,casey5zimmer
6226,caseyannette
6232,caseyparksit
6234,cashbama
6247,cassandrarules
6249,cassidyphoenyx
6255,cassishere
6262,casuperrunner
6280,catdog2many
6299,cathyboothfob
6304,cathylizengle
6310,cathyto47590555
6314,catknine
6320,catrn4u
6324,catsinjax
6339,catz41561sharon
6369,cbockino
6372,cbprincess5
6379,cbscheel
6381,cbsmiami
6387,cburg15
6399,ccd9764e57fc4ee
6403,cciedotnyc
6418,cdan6081
6437,cdterfy
6441,cdzapolsky1
6449,cecil3695cecil
6453,cecilmchappell1
6454,cecki
6472,celebratethewin
6488,celticcoyote
6489,celticcross811
6524,cfcpac
6525,cferrer777
6537,cgadamo
6548,cgriffith5
6562,chacowaco1
6578,chairmnoomowmow
6579,chal90n74
6584,chalmersgilbert
6591,championcapua
6593,champlintnusmc
6596,chancejerry
6612,changeisneeded_
6627,chapmannancy
6631,char_lawyer
6634,charcharbag
6635,charcharmonique
6645,charlenebaron
6649,charlescollier
6665,charlie4trump
6667,charlie92668531
6700,chashedrick
6721,cheaptravelcom
6728,cheechdad09
6738,cheftech4020
6753,chemical_lab
6756,chemoelectric
6764,cherherman
6765,cheri_kentucky
6770,cherokeenative3
6786,cheryljstwin
6790,cherylreynolds
6813,chicago6611
6838,chiefstoker
6854,chimp999
6870,chipnotdonald
6879,chirpinagin
6886,chjluc91
6904,choochooseu
6915,chris_1791
6917,chris_a_turner
6925,chris_pieszak
6927,chris11962
6937,chrisbragdon
6969,chrisnoelmills
7001,christichat
7016,christine081579
7017,christine1noel
7023,christinem114
7030,christofferasa
7046,christymatson64
7060,chuchuma2007
7063,chuck3960
7073,chuckr45690581
7075,chuckxj
7106,cincinnatuspax
7117,cindy_crawley
7122,cindybinmo
7132,cindykirzeder
7136,cindynsg
7139,cindyradocaj
7141,cindysaine
7148,cinesmovieblog
7152,cins8in
7190,civisgaiasum
7193,cjallenii
7221,cjsienna55
7225,cjwebb7
7227,cka757
7234,ckkoch3
7264,clannadlore
7279,clark7950
7283,claroscureaux
7296,claudia4trump
7326,clearimages
7338,clempson93
7360,cliffsiders
7389,clodma0202
7410,cluckandchip
7411,clue30
7414,clure_donna
7465,cnn
7469,cnnkelly
7471,cnnpolitics
7472,cnnsitroom
7475,cnnwriter69
7486,coach_bigdave
7492,coachcubs
7529,coff33loveit
7545,col_connaughton
7570,collectedn
7580,collette_az
7595,colonel717
7615,combat_vet1990
7621,comermd
7635,commondiscourse
7643,composthappened
7651,conaway_chance
7684,connie_m_rice
7687,connieaustintx
7691,connien45988691
7710,conserv2mysoul
7714,conservatexian
7717,conservativeapp
7720,conservativegm
7750,conturyboy1905
7756,cook_robert_l
7760,cookiemuffen
7761,cookingconquest
7776,coondawg68
7779,coopistaken
7796,coreycw
7815,corollagirl196
7818,corporatocrazy
7821,corrinemartin64
7823,corruptionmore
7832,coryxoxo
7862,countonebyone5
7892,cowalsh9746
7914,cparham65
7915,cpasheldon
7919,cpittsguy
7923,cplbhvac
7953,craigyatescty
7977,craykain
7990,crazyhansolo
8023,crimsonboar5
8025,crimsonboudoir
8046,criticalanglez
8062,crosscity
8074,crt39437
8088,cryogenik28
8089,cryptic604
8090,cryptlocal
8099,crystaldawn1273
8117,cshgirlx
8132,cstodd72
8150,ctrm045
8201,cuqui0712
8212,curnow_kcurnow
8226,curvedwater
8227,cuscus2505
8232,cut_the_crap_ec
8237,cutiepi2u
8242,cutthroat19841
8257,cwilhite93
8275,cyborgsam1990
8287,cyndisanchez3
8295,cynthia_jeanne3
8324,d_oversole
8348,daaaaaaang
8367,dadychery
8368,daemalinowski
8405,dailyrapid
8416,dajjjallah
8418,dakan001
8431,dale_je
8447,dallas_413
8452,dallashoot
8464,damiancastillo5
8478,damonbethea1
8512,dancingladybug6
8517,dancrdave
8518,dancutrara
8525,dandmb68
8542,danibrackett
8554,danielc2010
8575,daniellefreda
8617,dannk2
8624,dannyboy5368
8629,dannyofamerica
8632,dannyrobertspt
8634,danocamx
8636,danoherrin
8637,danojano
8657,dao_clement
8659,daphnebinulski
8663,daputershack
8678,darhuddleston
8715,darren32895836
8727,darrylw1971
8732,darthjablyse
8734,darthnobody27
8765,dave_notdave
8823,davidbr48660606
8845,davidflores1313
8854,davidhe39425249
8862,davidjones720
8884,davidrutkauskas
8901,davidweingust
8913,davonvigilante
8917,dawa2016
8918,dawalf
8934,dawnhunterton
8943,dawterofliberty
8957,dayummaam
8965,dbarrientos67
8975,dbhellmd
8976,dbhnbuckhead
8981,dbo2353
9002,dcblossomz
9006,dcexaminer
9009,dcgilltx
9022,dcontroversal
9023,dcook2006
9032,dd_bigapple
9036,ddags21
9042,ddendz
9051,ddoucas57
9058,dea619
9076,deanajemian
9077,deanaluvs
9083,deanmuncy
9085,deann17847203
9097,deantreespirit
9099,deargdionadair
9105,deathrep
9110,deb14030608
9111,deb38920967
9114,deb7777s
9120,debbie92083
9126,debbiecaplanpr
9128,debbiegilreathj
9133,debbierg51
9136,debbyaj
9138,debbyshusband
9140,debdew2
9157,deborah_bivens
9158,deborah11189
9170,debr3322
9179,debragg13
9183,debramax
9185,debrammason1
9200,debtreister
9223,deecat101
9233,deejohnston53
9239,deemarie53
9258,defeatthelies
9277,dej_kenzie
9281,dekelley14
9289,delaville1
9300,dellacooper3
9307,deloresljenkins
9323,dem_apples
9331,demfromct
9369,denisepouchet
9381,denngordon
9390,denniscarlsbad
9398,dennismurphy15
9411,deonne_dubarry
9423,deplorable12341
9445,deplorablesami
9457,deraad_diana
9463,derekbgriffin
9467,dereklcombs
9478,deronda_sears
9489,derwoodkerby1
9491,desdeflorida
9506,designerdeb3
9510,deskjet77
9524,destroycode
9529,detroitnews
9551,devracing
9565,dfs_informant
9569,dgallen1230
9572,dgbonham
9604,dhlake1
9622,dian5
9626,dianacialino
9645,dianedeeegot
9658,dianne09314822
9688,dicristo13
9723,dijoni
9744,dinahbernista
9767,dir4bc
9794,ditimofeeva4946
9826,dj_bcp
9827,dj_gestampft
9830,dj4k4000
9860,djrobbz_blog
9863,djrusty813
9867,djss1grgr
9879,djwoolverton
9884,dkazyak
9890,dklaw4heat
9891,dklein114
9892,dkmorriskeith
9893,dkneutesju
9894,dknott409
9898,dkrwilliams
9908,dlk423donna
9912,dlortner
9925,dmanolli
9939,dmez15
9941,dmhord1
9945,dmill1289
9948,dmmadora
9951,dmon4ever
9958,dmspeech
9964,dnar_nya
9969,dnchef
9975,dnttriggermebro
9979,doanziegirl
9982,doc1tech
9984,docapples
9991,docholliday658
9995,docmurdock
10003,doctormom333
10007,doctorwerner44
10015,dogheaven4sure
10034,dollconfession
10037,dolly1gnar1
10040,dollykylewriter
10079,donaldjbismarck
10101,donilo252525
10106,donkosin
10107,donmckenzie
10110,donna_dishman
10111,donna_jacobsen
10126,donnaledford8
10129,donnam8470donna
10130,donnamaertz
10133,donnamoon81146
10138,donnas0818
10141,donnylatenight
10165,doodlebug0
10179,doresmom
10184,doris86556146
10187,dorjelhamo
10188,dork74
10200,dothinktrump
10201,dotski_w
10209,doubledittos
10210,doubleeagle49
10221,dougfrmclvs
10225,doughravme
10251,down4sue
10287,dragon_fly_44
10293,dragonsnestling
10320,drdianerobinson
10333,dream_elusive
10334,dreamedofdust
10339,dreamweaver61
10377,drhjohnphd
10384,drivajane
10395,drkcrouch
10414,drmartyfox
10420,drmrox151
10424,drodricks
10463,drwavesportcd1
10466,dryzj
10468,drzevetchin
10493,dstewart541
10516,duanesorensen4
10549,dumdems
10603,dwdeardorff
10604,dwgillman1
10618,dwulke
10669,e99c07ccfb97417
10678,eaglejme
10682,eaglestarnet
10688,eanlz
10707,easter2411
10755,ecgreaves
10764,ecnebs
10782,ecwpunk81
10785,ed_demolay
10791,edavid67173590
10792,edbenson98
10801,eddiecarl4468
10817,edee_1
10831,edgeoforever
10837,editavinnitsky
10852,edmik95
10893,eeb1
10897,eegrc98
10911,efaber_
10931,egryani
10951,einclintonnews
10953,eino207
10954,einsteinrevisit
10962,ejabel2
10963,ejack162
10970,ejjpridmore
10980,ekatjobs
11008,elaineyvette1
11011,elatrickyricky
11016,elbodhicitta
11019,elchee8
11046,electpiperfogle
11061,elena07617349
11094,elinabeauchamp
11099,elisaabby1
11100,elisabethcarey
11108,elisha1022
11132,elizbethlmaness
11142,ellabella_1958
11143,ellacreadr
11153,ellendetemple
11166,ellimayradrep
11172,elliottgator
11179,elmer_a_chile
11180,elmerjfudd2012
11231,elvisinoregon
11236,ely_glynis
11317,emma_jnr_75590
11343,emmymacintx
11347,emp49payn
11373,emtmedic22
11375,emunstr1313
11379,emy4trump
11403,enfingercolton2
11433,entheosshines
11440,enwroughtdreams
11443,ep_eeuu
11449,epeakdallas
11450,epeakindi
11453,epeaktenn
11468,equitiesndallas
11480,erengwam
11491,eric99a
11504,ericdarrell
11506,ericdolan3
11530,ericshapiro3
11575,ernestivire
11580,ernie2269
11625,esneet4113
11641,estadidadomuero
11692,eulieul
11695,eurekajimbob
11743,evenseams
11765,evilusmcgk54
11778,exasperated5
11781,exciting2u
11796,expedition1eric
11806,exposemediabias
11814,eyecandytmgayle
11815,eyedoc11
11816,eyegloarts
11823,eyes_of_justice
11826,eyi_rick
11832,eze4u2
11836,ezekielswheel4u
11837,ezekwemu
11845,ezzomo
11850,f396
11863,fabregasmarlene
11884,faganlarry
11885,fahdahfahd
11910,falbjennifer
11915,falkenverg
11937,fanghong100
11943,fanoffreedoms
12011,fb1marissa
12014,fbc1955
12054,fedagentmark
12086,feistymonk
12097,felinebengal
12112,femalepainter73
12113,females4freedom
12123,fenolj
12126,feollam
12132,fergusondiane08
12143,ferrarorusty2
12157,ffl64
12169,fgthegman
12179,fieldroamer
12193,fightanddebate
12200,figue_80
12206,filmandpaint
12211,filterlbc
12232,fireball1951
12245,fireofspartacus
12254,firstmatesissy
12280,fixbrokenstuff
12288,fj_newman
12324,flaunttnualf
12326,flconserve941
12327,flee8250aolcom
12339,flexi215
12350,flmenfortrump
12368,florida_cool
12369,floridaartist1
12370,floridaguy267
12384,floydtire_sonny
12392,fluffysays
12401,flyer74
12410,flyosubuckeye1
12434,fol2009
12442,follownewsnow
12444,folowerrr
12456,foqiqeg
12465,forbrydelsenfan
12482,forevertexas6
12492,forniakelly
12576,franield
12586,frankdallasagg
12588,frankdiflorio1
12592,frankie1654
12603,franklinsowers1
12606,frankmassimino
12617,franmarcum2
12624,franselb
12669,freeandclear1
12671,freebeacon
12672,freebetsyb
12680,freedom1776__
12692,freedomrider364
12704,freelassie
12711,freespeak3
12716,freetesla11
12726,frenchfortrump
12730,fresh_news_24
12733,frespirit01
12782,fruitetrange
12811,fullerusa46
12839,fustillhere2
12843,futuretrader007
12850,fvrdrms
12865,g_helton
12869,g_pond47
12871,g_tarr2
12883,gabenascar
12890,gabriel_turpin
12892,gabriela72gavi
12923,gahdanaisaacs
12933,gailgirl58
12943,galawree
12946,galeen24
12986,gaquitaine
13021,gary_cardio1501
13039,garyinlv01
13071,gatrbait
13106,gbmrhino
13109,gbuck1968
13112,gcain63
13114,gcamp4
13116,gcf1517
13125,gdblesstheusa
13129,gdg2024
13141,geanalyst
13148,ged_2345
13158,geewhiz__
13167,gelz209
13187,genettegary
13203,genkiyuki777
13220,geoff_deweaver
13232,george_clinton
13233,george56852489
13239,georgefayner
13242,georgenmella
13255,georgwebb
13277,gerfingerpoken
13278,gerfingerpoken2
13294,gespenstone78
13350,ghostgoya
13351,ghostofanation
13370,gibbsdithers
13375,gideonhenry
13383,gift2usa
13387,gigglebits11
13391,gigib84
13399,gigito31959
13410,gillcolon1158
13425,ginafortrump
13427,ginaleemuller2
13433,gingerbreggin
13444,ginnyrae101
13457,girdiesue
13481,givemelibertyus
13497,gkilti
13520,glen300sd
13522,glendamcrose
13529,glennhduncan50
13542,glezee81
13550,glkliberal
13553,globaldancer38
13557,globalissuesweb
13562,globalstratltd
13566,glodine
13582,glr3tx
13583,glucklichschon
13597,gmfkms04
13598,gmiller1952
13606,gnadegary
13621,goalie30jp
13652,goeagles420
13654,goerke_
13677,goldilocks19
13678,goldmaanmichael
13683,goldsteinstreet
13686,goldy_levy
13716,goodbeertweet
13720,goodmanpredicts
13721,goodnewsame2000
13729,google_nnews
13731,goonbetter
13737,gopbriefingroom
13744,goppollanalyst
13745,goprapebuster
13779,government_list
13787,gpa70
13816,gracefulone
13834,grainofsands
13868,grandmerecat
13872,grandpooba5440
13873,grandstrander
13876,granma726
13880,grannygethealth
13881,grannygulch
13882,grannynannynews
13894,grassrootscg
13902,gravy_bacon
13905,graydaygamer
13925,green_footballs
13926,green1158
13930,greene2648
13934,greeneyes0084
13948,greentacos4me
13951,greg_defusco
13953,greg_messick
13957,gregberlin
13970,greggo1685
13971,greggypoo65
13978,gregmwells
13981,gregory_cerge
13989,gregscheinert
14010,grichard737
14018,griffisk
14029,grits1954
14050,groughy
14054,grovelandjohn
14068,gryan05
14072,gs777gs777
14074,gsarnoldjr
14075,gsbimagesmbusch
14104,guamat_62
14108,guardianangelos
14111,guastellasteven
14143,gully65
14152,gunnyed
14168,gus_802
14171,gusmartin16
14182,gutixz13
14186,guy_next_to_me
14211,gwesnow
14217,gwydion620
14283,haitinewsnet
14287,hale4jesus
14305,halleakela
14309,hallman_j
14310,hallnicks
14311,halloweenblogs
14321,halsteadg048
14328,hamilton4tx
14344,hanaxhudo728
14353,haniebrian
14354,hankandmya12
14373,hannibalbarca65
14395,happygal72
14448,haroldkelleyjr2
14475,hartlessdana62
14487,hasanali1984
14498,hatingbofa
14505,hautemann
14525,hayag_jerry
14532,haydevilma
14549,hbtzuris
14563,he_has_failed
14569,headlines4you
14571,headovmetal
14578,healthyheartfit
14604,heathrodgirs
14609,heavenlyitalian
14638,heeler123phil
14654,heitmany
14656,held_jana
14685,hellokiddies
14687,helma599
14711,henrysommo
14743,herrick_a
14744,herringwendy
14758,hey90533477
14771,heysyd
14777,hfareddit
14803,highflight53
14826,hillary_gibble
14830,hillary4thewin
14831,hillarybedamned
14833,hillarycli2016
14834,hillaryclintont
14835,hillarycoughing
14837,hillaryfan2016
14841,hillarylostme
14842,hillarynews1
14848,hillaryshaircut
14850,hillaryspeeches
14862,hinasil
14883,hisprepublican
14901,hl1975
14928,hnvance40
14951,hokiedokiemike
14973,holly97701
14977,hollycarolearls
14995,homegrownhippy
15019,hoodsonco
15021,hoosier47906
15031,hopebevers
15033,hopedispy
15042,hopingurswell
15052,hornyvaginamilk
15053,horpost_int
15058,horseshort
15063,hostettergmail
15078,hotnostrilsrfun
15086,hotviral1
15099,houston_clifton
15133,hrhjmm
15147,hsgribble
15153,httpgarrlouscom
15169,hue_man1970
15173,huffman_dennis
15195,hugva3
15199,hulabird1
15211,hungryhamstar
15241,hutch_jacki
15249,hwdrepublican
15255,hyddrox
15269,hypnocoach183
15315,iamkellylong
15318,iammakcum
15336,iamrksp
15356,iankoski
15362,iansams
15375,ibeleeveinusa
15388,icanplainlysee
15402,icemannyr
15407,iclesley
15410,icrackuridevice
15421,idaho005
15424,idahoindependen
15427,idarose711
15434,ideclairmedia
15441,idle2ginger
15505,ikassemdallas
15520,illadelphac
15534,iloveakqj10
15552,imacommi
15563,imanreporter
15570,imcorvette64
15589,immoralreport
15592,immutableself
15630,imy26sky
15636,inabster
15659,indian_mann
15661,indianaconserve
15684,infinifinity
15690,info__warrior
15717,ingemarsdotter
15721,ingodidotrust
15736,innomaholdings
15737,inocenc1maurice
15755,instapundit
15760,intelimar1
15801,iracarroll
15836,irishodaly
15838,irishrose23525
15839,irishsix1
15845,irlazareva53384
15856,ironrodgirl
15862,irvingdebbie55
15889,isavega2017
15897,ishillaryinjail
15906,islandjake5
15907,islejock
15911,ispytexas
15928,italians4trump
15938,itgodebi1982
15940,ithinkitscatchy
15955,its4aletheia1
15958,itsalabama
15975,itsfranco
16025,ivanovichkomin1
16029,ivansgarage
16063,izzie_adams2
16068,izzyx91
16085,j_mallone
16166,jackson_wrigley
16207,jacquel340
16227,jade_nyc
16229,jadedbypolitics
16239,jaflowers2
16257,jahrulz247
16262,jaime4ou
16267,jaimepasobama
16278,jajones3381
16279,jajsaarthur
16298,jakersmom1982
16305,jakielmirka
16306,jakirkhanbd
16319,james_alan61
16342,jamescrawford6
16348,jamesedgriffin
16354,jamesforliberty
16355,jamesg2613
16356,jamesgagel
16363,jamesjsoltis
16372,jamespaine33248
16374,jamespaine3498
16376,jamespelirojo
16383,jamesrbeaty
16386,jamesruffin7
16405,jamezdhawaii
16426,jamiesanssuchan
16440,janc60
16449,janeblackminds
16452,janece444
16456,janeh227
16459,janelleholmes20
16461,janemarkland52
16464,janeort77212581
16478,janetsueharris
16522,jaraparilla
16586,jasonsamfield
16597,jato791
16598,jaudybeverly1
16608,javelinablue
16612,javierhasse
16619,jaxusmc12
16627,jaybeeinzee888
16630,jaycamikengl
16641,jayizzo50
16646,jaymili4
16647,jaymohgreat667
16656,jayqpublic
16663,jaytay36
16671,jazeemom
16676,jazz1294u
16684,jazzyjo20
16691,jbae2015
16709,jbitar11
16710,jbjb1029
16714,jbmesser53
16732,jbtole2
16733,jburris69
16749,jcastillotaylor
16782,jcsrenko
16826,jdrentzjr
16839,jean_captiva94
16841,jean_de_valette
16847,jeanelleo
16872,jeannpylva
16873,jeanorlando5
16916,jeffberk3
16919,jeffbwind
16931,jefferyhayg
16940,jefflcohen
16942,jefflee2020
16944,jeffmitchell101
16945,jeffmyers82
16949,jeffreyguterman
16956,jeffreywhills1
16959,jeffs4u2
16960,jeffsaayba
16988,jen_n_russ
16991,jena_jordan
16994,jenbrunelle2
17004,jeniferbo85
17005,jenih1031
17011,jenlynnoh
17025,jennhsinclair
17027,jennieholland16
17029,jenniemacbrown
17034,jenniferadevon
17036,jenniferdcm23
17090,jeremylne
17092,jeremypalmer7
17099,jeri_mannino
17103,jernst1980
17104,jerome_corsi
17107,jerraakers
17109,jerrasic_
17127,jerryleewoodro1
17131,jerrypolitex
17142,jerrywact
17143,jerrywillsgirl
17152,jerzeee4trump
17159,jess4hillary16
17160,jessbriis
17204,jesus2come
17229,jewelsjones1
17231,jewishpolitico
17234,jewsbadnews
17307,jhead77
17316,jhjulian1956
17360,jim_peoples_
17361,jim_s_jersey
17365,jim8175
17368,jimatwell1735
17384,jimdesert1
17392,jimhilltx
17395,jimjimzen
17398,jimlibertarian
17401,jimmio23
17408,jimmybernau
17426,jimmywwalker1
17441,jimsx50
17442,jimtantales123
17446,jimw_jimw
17453,jimwiltraut
17456,jinarbry
17464,jizzi1
17476,jjboomboom1776
17479,jjd_53
17486,jjjflyer
17487,jjjjpi4444
17489,jjliberty
17494,jjmikemike
17502,jjsnyder76
17562,jlconservative
17565,jlg718
17604,jmarlene7
17617,jmdonsi
17624,jmesarch
17639,jmleah61
17656,jmsmith904
17657,jmstingray647
17667,jnewell53
17701,joannawoman991
17704,joannecangal
17705,joannecolombo
17709,joannetarpon07
17712,joannlatham2
17723,joatchley52
17724,joavargas_1220
17738,jockbuster
17742,joditarvin
17745,jodycacioppo
17749,joe_america1776
17751,joe_cares
17762,joeaverage1965
17770,joeclementino
17773,joedirect
17780,joefreedomlove
17789,joehos18
17818,joemama526
17848,joette_hayward
17868,joeyjoj40863051
17884,john_frank1954
17894,johnabusinger
17903,johnathangull
17925,johnczer1
17943,johngilson2
17962,johnklin
17966,johnlester
17986,johnmknox
18026,johnpena03
18027,johnpender123
18032,johnreesepol
18035,johnrlovelady
18038,johns877
18043,johnshepherd88
18054,johnturscak
18074,jojos6texas
18093,jon2lundgren
18104,jonathandbrown
18126,jonipisces
18140,jonnybehood
18169,jordan19melba
18214,joseparnau
18218,joseph_greely
18223,joseph100960
18231,josephine73
18264,joshdorner
18267,joshgalper
18282,joshuaassaraf
18295,josteeber1
18296,jota331
18298,journeysnonnie
18315,joycep7777
18375,jpucci39
18390,jrarvelo
18392,jrbkjrbk
18393,jrc1948
18401,jreiling1969
18420,jrocks2002
18437,jrtomlinauthor
18438,jrw19577
18452,jschau11
18460,jsilamianos
18476,jsue2u
18489,jthres
18491,jtmoney1981
18493,jtravis1010
18559,judsongrove
18564,judyapet
18565,judycarr1115
18566,judycharlesjc
18568,judydiller
18571,judymorris3
18577,judytorcan
18579,judyvayssie
18582,juggaknots
18605,juliagr31147638
18611,julianlives
18629,julieblue917
18630,julieca92128716
18631,juliectaylor
18638,juliehe49018138
18640,juliejankowski2
18648,juliercrenshaw
18659,julius_swerving
18662,jultaijt
18671,june_fours
18682,junkmistress
18687,jurasick
18695,just_a_texan
18698,just2opine
18712,justgoforit
18718,justicegroupie2
18738,justinrwalton
18754,justmooney
18757,justmyowndrama
18759,justonepatriot
18761,justpipertoo
18771,justwhatnowwhy
18781,jver1
18783,jvh241
18793,jwarr366j
18795,jwb_wen
18802,jweismonger
18803,jwespieser
18806,jwheeler351
18813,jxcxjx03
18822,jyn59
18829,jziege
18834,k_dubb_80
18849,k4trump_
18853,k946c
18855,k9mama27
18866,kabtlc
18868,kachninja
18869,kacy1000
18898,kakeenan
18899,kaladious
18921,kaltkrieger
18941,kandeekane13
18950,kanepam
18964,kaplanben_fr
18979,karen_erotoo1
19003,karensl
19010,karenwa65203937
19035,karmasquirrely
19046,karriefleetwood
19056,kasaub2005
19069,kat4obama
19086,kateloving
19108,katherine022610
19110,katherinewolfr2
19114,kathlee96615840
19117,kathleenbieleck
19122,kathleenmom4
19125,kathr72164
19136,kathy_hoffman
19137,kathy_km
19142,kathyco44813484
19144,kathydegreef1
19146,kathyfisher10
19147,kathyjay001
19152,kathyorozco25
19153,kathysamira
19159,kathywa48814788
19186,katinsatx
19197,katrinalwhite04
19204,kattshine
19206,katwomanusa
19219,kavn
19245,kazeskyz
19253,kb_indy
19256,kbanuseckin
19279,kcflignt
19286,kcmalone0531
19317,keasmom
19318,keating_eleanor
19322,keeblerqueen
19326,keepemaccntable
19336,kef1024
19353,keithvlasak
19361,kelexoftn02
19367,kelleyh1961
19375,kelly__t
19376,kelly4220
19379,kellycarrilloa
19382,kellydanes1
19392,kellyrek
19393,kellyryanobrien
19409,kelticca
19413,kemet2000
19426,kencraig999
19432,kenfriend55
19434,keniamacat
19444,kenlweb36
19447,kenmclean9229
19457,kenny1918
19458,kennygmanno
19472,kentrademacher1
19498,kernolsooner
19503,kerrloud
19505,kerryav5
19517,kessmom22
19526,kev3311
19542,kevin6ronpaul
19555,kevincormier10
19566,kevinhill34
19569,kevininsandieg5
19572,kevinkguitar
19579,kevinmfeeney
19602,key00214
19605,keyster101rich
19611,kf4bef
19629,kglass1957
19646,khammaker9
19648,khanczerntrahl
19674,kiatt001
19687,kidsanimalsmatr
19692,kiishavelasquez
19711,killianjones7
19722,kimbagirl4u
19750,kimipalmisano
19756,kimmee89130
19768,kimmoor20918476
19773,kimosabebonet
19774,kims3rdhusband
19813,kingscuprun27
19820,kingvideo123
19828,kinni00
19846,kirbyk76403504
19866,kitten0626
19867,kittenkk
19868,kittens4milk
19882,kiuwalsh
19896,kjon1234561234
19902,kkalmes2
19922,kle81156
19923,klelevier
19940,kltewers_karen
19947,kmcaton
19953,kmfllibertarian
19975,knittingalone
19994,knudsencolleen
20006,koda1950
20008,kodiaked0311
20024,kombuchababy
20027,konamali1
20030,konihowie
20039,koolkat14215
20045,korbysoobotin
20064,kotuzak
20118,kriscollis
20119,krisellyn
20139,kristiia
20151,kristokoff
20158,krizanac31
20166,krunox123
20171,krzysztofdanel
20174,ksandiego52
20176,kschneid
20185,ksiskproduction
20187,ksmitha1
20236,kunzguy
20237,kupajo322
20240,kuriuskat
20254,kvg1988
20263,kwaizume81
20271,kwilli1046
20277,kwtgvt
20312,kylesprague4
20326,kysgabbygirl
20339,l_rocks_well
20357,laaraz
20359,labarber02
20365,labossmmeg
20390,ladybabs07
20398,ladyfinger2221
20402,ladykatrina3
20413,ladyrowe24
20415,ladyvictoria8
20422,laff_out_lawd
20424,lafferty_alan
20427,lafleurmtl
20432,lagartija_nix
20438,lahtay44
20439,laidlaw_bruce
20447,lainstep
20454,lalalod
20458,lalden73093
20471,lamoonlynn
20476,lanacb
20491,landarchgamer
20496,landlvr
20503,landry777tom
20506,lanelipton
20522,lapierre_george
20547,larios_ester
20553,larouti
20566,larrykutcher
20570,larryoquinn
20584,lasg_news
20597,lataine16
20604,latina56
20627,lauracgilleslil
20635,laurahollis61
20637,lauraincali
20644,laurapcd1
20648,laurarpalmer
20651,laurawilsongal
20676,lauriemallen
20688,lavernerealtor
20689,lavernewright13
20696,lawdawgseven
20707,lawsonbulk
20711,laxana418
20750,ldicassiolorri
20751,ldknepper
20762,ldubindubc
20772,leafwarbler
20775,leahr77
20802,ledaneilson
20808,lee_in_iowa
20810,lee0456lee
20819,leejac424
20827,leesr17
20832,leewhyt
20837,leftco1
20847,legalator
20848,legalblackwell
20863,lehigh389
20864,lehimesa
20878,leisuregoddess
20896,len21878832
20938,lesawilbert
20975,letsrollamerica
21006,lexlux100
21012,lfeicco
21033,lhbossd
21037,lholmes1966
21049,liane2552
21072,liberalutopia
21088,libertyinohio
21089,libertyladyusa
21092,libertynews1776
21093,libertyordeath0
21095,libertyseeds
21100,libertyusa1163
21102,libgrim
21106,librab103
21109,libsnofun
21118,life_ontherocks
21121,lifecoachcathy
21122,lifecoachnv16
21126,lifesound22ed
21137,lightlady
21148,lil_aristotle
21170,lilimom
21178,lillyz720
21187,lilrascal01
21190,lilsouthernsass
21192,lilushalisa
21195,lilydaisyjoy
21196,lilydalehba
21200,lilyncali
21225,linda1746
21226,linda18788
21228,linda97157
21237,lindagarriss
21242,lindajosherrill
21243,lindajoy54
21244,lindake18525
21257,lindamo60594098
21262,lindanye6615
21263,lindaoj63
21265,lindarockers
21268,lindastewart52
21270,lindasuhler
21275,lindsayroginski
21288,linksteroh
21290,linniki
21306,lionsomega
21311,liqudbluetorent
21331,lisabrabli
21345,lisajnc1951
21346,lisakbromley
21349,lisam02184
21361,lisapease
21363,lisarob61254794
21370,lisaturnerdecor
21388,littelilydo
21393,littlebitz1551
21396,littledavid55
21399,littlepeep09
21429,livingonchi
21430,livingston442
21437,lizanneplatt09
21451,lizmednick
21472,ljc_gallagher
21479,ljr1106
21483,ljungbergkamp
21488,lkgrube
21492,llama_strudel
21497,llbrantley
21510,lloydchristmis
21516,llw83
21540,lnmradio
21553,lochthescot
21568,loftistracey
21592,lolaashleyy
21600,lolli55
21602,lollyj62
21637,lonpeaber
21641,look_see_think
21644,lookupcolorado2
21648,loopyloo305
21675,lorenaashcroft
21682,lorenz_louise
21685,loretta_stiles
21688,lorettasteddum
21701,lorilandrich
21703,lorinda1434
21705,lorinor85730053
21711,lorisums
21713,loriwill213
21722,lorri_anderson
21723,lorri66803314
21734,lostdiva
21748,loubjohnson
21750,loudangelo1
21762,louiselowery12
21765,louisittech
21776,loveamerica111
21779,loveandlighttou
21788,lovelaughterki1
21794,lovelylowend
21797,lovemrpibb2
21800,lovenlight4u
21801,loveoireachtas
21804,lovesmaine
21806,lovestrucklayla
21817,lovingmykids65
21818,lovtoridemytrek
21828,loyalpooch
21829,loyaltotrump
21845,lrflw
21851,lrnewton1
21866,lsferguson
21869,lsqueeg
21887,luasol38
21896,luchoalejotr
21915,luckinubu
21923,lucmatte9
21957,luismatos2nd
21958,luismguerra1
21990,lumenatti
22007,lurkingaccount9
22010,lush_cmte
22019,luvbuniz
22021,luvluchia
22033,luxorgroup
22037,luz_educativa46
22044,lvhothead2483
22057,lyanna_md
22074,lylibeth_ortiz
22081,lyn20111
22087,lyndaatchison
22088,lyndag1963
22098,lyngirlcl
22101,lynn_bateman
22108,lynnarobe
22113,lynne_shine
22123,lynnkuennen
22124,lynnrose789
22156,m_richardson42
22159,m0nsieurcharles
22180,ma98943510
22200,macaomiriam
22226,macpolski
22241,madamhunt
22244,madatcorruption
22285,madogs93
22287,madonnamadsen
22291,madred06
22302,maegan_laporte
22308,maerocarol
22319,maga_vote
22328,magannohate
22337,maggbyrf
22365,magnifier661
22368,magovsamadams
22408,makerel_sky
22419,malama00
22458,mamacato57
22463,mamamadisons
22465,mamanastase
22472,mame6432
22474,mamienickles
22486,mancman10
22493,mandersonhare1
22507,mani2boat
22512,manisjasper
22516,manmet80
22520,mannreagan
22528,manthony870
22539,manuyakima
22552,maragold12
22562,marc_smash
22567,marcbrodyreal
22593,marcoarias7
22614,marcusdelcactus
22642,margiehippely
22666,marialcx
22670,mariame42546452
22680,mariannbenway
22687,mariapeet2
22698,maricky8675309
22699,mariclaire81
22701,marie1773056
22704,mariea51494842
22721,mariluna329
22724,marilynhardig
22727,marilynjlevins1
22736,marine0141
22740,marinevet83
22754,mariopopma
22761,marisolariaudo
22777,marjoriemkh
22779,marjot13
22787,markallenjobe1
22790,markandmary211
22816,markguidry84
22840,markperugini1
22841,markray1980
22863,marliemaelee
22871,marmy2c
22889,marsha9753
22902,marthadeleon9
22920,martin17773
22923,martinacollects
22943,martucci_peter
22946,marty713
22952,marvamickie
22966,maryann_millard
22967,maryann_penza
22968,maryanneguill
22969,maryannhoeg
22981,marycar08639249
22986,maryebarnes
22989,maryellen437cos
22991,maryfass3
22993,maryfis90730348
22999,maryinphx4trump
23002,maryjones1417
23010,maryloveus4
23012,marymac41
23026,marysergio
23046,masspolitica
23066,mateolerma
23136,mattlogical
23208,maxger31
23225,maxmacgruder
23262,maze13131
23263,mazurekpaul
23267,mbcampbell111
23294,mc3466
23303,mcarsonaos
23304,mcarthur_parker
23319,mccraw_birkie5
23330,mcelroy1114
23335,mcgeehan1
23338,mcgmaryland
23341,mch7576
23346,mcicero10
23359,mcnamaraorama
23380,md4eyes2020
23399,mdlivengood
23400,mdlmurray
23403,mdockendorf1
23410,mdugus1anderson
23411,mduncan55duncan
23412,mdyankee63
23426,meanvoter
23442,mediacopaz
23446,mediaite
23449,mediaunfiltered
23455,mednurse202
23457,meeeedge
23468,megafuntweets
23476,megford7
23497,mekismet
23500,melaniariz
23513,melberk7
23522,melindahaldima2
23544,melovesmle
23558,mememayo96
23568,menabster
23576,menjicm
23582,meopines
23588,mepar1956
23601,merelyawoman
23608,merlow_d
23630,mesmanrobert
23666,mexgonapay4it
23673,mf1urice
23674,mfbishop_m29
23688,mgc0083
23690,mgd2278
23691,mgdahlin
23709,mgv19118
23714,mhduff61
23722,mhoward48
23725,mi2ca2
23739,miamivandynyu
23749,mich4trump
23796,michaelhessler
23799,michaeljashmore
23815,michaelmiddled1
23823,michaelrayadam2
23833,michaeltetrick
23836,michaelvenish
23846,michelemt55
23861,michelle_888
23890,mickeytidewater
23907,middle_man_1975
23908,middleclazzmom
23912,midgarddragon
23913,midgespeaks
23915,midwest_girl123
23916,midwesternmama2
23924,mietopol
23925,migaja1
23932,mightyones1968
23948,mihailoy
23968,mike_lucian
24001,mikecrooks
24011,mikefit32187936
24017,mikegra34000775
24023,mikehotchky
24029,mikejr8282
24054,mikeplacido
24076,mikewhitney15
24082,mikewyfeson
24087,miki9857
24119,millennialsgrid
24120,millennialviews
24121,miller_gwen
24130,milob122
24138,mimi_saulino
24146,mimitalk45
24147,mimitexasangel
24153,mindae3
24177,minion_abulous
24195,mirandacan
24204,miriamusa82
24206,mirsha_ties
24214,miserlyhermit
24217,mishamishaps
24219,mishrainsead03
24220,miskaphillip
24312,mitziruth72
24325,mizzou45
24333,mj73foo
24336,mjbsr1
24347,mjjmnyc
24356,mjrudolph68
24367,mkassarofficial
24378,mkmknani
24390,mkues65
24399,mlczone
24400,mld2007
24416,mllemaster_ml
24417,mllnola
24420,mlong42947
24427,mltucker2
24432,mmadamimadamm
24436,mmapolitics
24438,mmaria03146111
24456,mmlynch01
24477,mng2mala
24481,mnla57
24483,mnoblitt
24484,mnroseforjesus
24487,mo_an2016
24500,mobygrapefan
24517,modus_operand_
24523,moemoe1515
24533,mohamedthepig
24577,mommags2579
24580,mommamia13my
24582,mommiedearest43
24590,mommymidwife
24603,monab2010
24606,monakatoils
24620,mongo10
24626,monicaf42575132
24656,montana0323
24664,montraydavis
24665,montriciahubba1
24668,monyinzer
24680,moonguy54
24694,moralesdc
24695,moralespj
24758,motorrader1
24776,mousseaujim
24808,mppmaddog
24846,mrboomerman66
24857,mrdachshund86
24867,mrf61
24870,mrgoat0618
24910,mrpug94
24914,mrs1cupcakegirl
24921,mrsgordon586
24933,mrsmaisy
24943,mrspriss75
24957,mrsw68_1
24965,mruffit
24999,mseddied
25007,msgtdepari
25009,mshafer13
25019,msiclvr58
25020,msill3
25034,msnanae5
25063,msymbolik
25083,mtrav16
25086,mtrushmore2016
25087,mtseven7777
25093,mu14007792
25102,muetti
25114,mullerheydrich
25176,muycarro
25184,mvbeleg
25194,mwagain
25197,mwforhr
25202,mwitticg
25221,my3dogzz
25228,myangel7777777
25231,mybestgirlholly
25232,mybodygg
25239,mycrashis
25248,mygammie
25256,myinfo941454043
25257,myinfogmholland
25291,myplace4u
25314,mysv4bernie
25322,mytweetmark
25327,mzcicy
25329,mzee26
25343,n10lemd
25356,nacht_story
25364,nadyrshing
25396,nanajudyr
25403,nanasmith62
25406,nanblunt
25407,nance1990
25410,nancy22197
25413,nancycba1
25414,nancyco40008893
25416,nancyl367
25423,nancyrog11
25440,nanonug69
25443,nant11
25446,nap014
25456,narnie4
25459,nartist
25465,nascarnac
25476,natali52475190
25484,nataliejoprewit
25513,natewatkins
25516,nathaliequeen3
25520,nathandwilsonfl
25524,nathanielbumpo
25526,nathankirkwood
25528,nathanrfs
25536,nationpolitic
25559,navasuewokedu
25572,nb0819
25577,nbcbayarea
25594,ncarolina7516
25601,ncladydoc
25610,ndd19
25631,neaner069
25648,needa2ndjob
25652,needyadocbobby
25654,neelaeast
25722,neroarchie68
25723,nescue140
25747,neutralnews
25753,neverhillarybot
25765,newaigreen
25776,newjerseyepeak
25820,newsfeednewyork
25830,newsmanager24
25856,newsrepublicans
25866,newstodayus
25871,newsviewusa
25877,newtemplar77
25884,newyorklady1234
25885,newyorkphotogal
25898,nforangies
25930,nhssabine
25954,nick_gohn
26029,nid_eagle
26041,nightingalern
26043,nightmareclipse
26067,nikkiz999
26071,nikroybal
26085,nine_ayse
26101,nitroxnut
26107,nixonron
26118,njg67
26121,njmike319
26149,nmherr19993
26156,nn4nc
26169,no1cookielady
26174,noahcrothman
26185,nobamanoway
26193,nobrainstrump
26195,nocaltrump
26197,nocensord
26200,nochangeplease
26209,nodogkisses
26210,nodramahea
26216,noelphx
26230,nokill20kmlife
26235,nolamagee
26249,noluck317
26253,nomedialies
26263,non_msm_news
26280,noowaada
26283,nopparutt
26291,noreenr1
26295,norma22flores
26298,normagenie
26318,northonsixty1
26322,northwoods_lady
26344,notguiltymlud2
26346,nothiefs
26379,notinabluemoon
26382,notiven
26404,notthefakedh
26422,novosti7
26428,nowin2613
26436,npjules
26438,npmedellin
26451,nsaidian
26456,nsw43
26468,ntvnyr173
26470,nu_reality
26485,nuitdeboutrt
26497,nunya454
26500,nuoleparantaja
26523,nuzombie4
26527,nvitakay
26528,nvpeople
26531,nvr2l84chg
26533,nvrggivup
26548,nybybirth
26594,o1d_dude
26605,obama_speech
26639,oc_jess
26651,occuworld
26657,oceankitkat
26664,ocherokee
26685,of_the_people7
26688,ofccadjust
26707,ofsevit
26713,ogadim12
26732,ohcircuitrider
26740,ohioaj
26744,ohioreformation
26751,ohnostudio
26752,ohsportsgirl
26783,oklahomadude
26791,old_put
26805,oldnorthstate12
26810,oldschoolgray
26816,oldusarmyvet
26829,oliemibou
26841,oliverwest100
26891,onceuponaross
26910,oneissuegirl
26916,onemagicfan
26937,onlyonebran
26943,onlytrump4usa
26945,onlyxknives
26947,onoma071112
26954,ontobelli
26955,onur_toper
26957,oohlalarouge1
26979,openn_eu
26981,openomroep
27009,orange_crush9
27017,oregonartistrbf
27043,orobit2014
27088,oteachjohn
27105,ourbabyminx
27109,ourrevoiution
27122,outspoken1138
27133,ovnondial
27174,pa4trump2016
27181,pabloleslie
27187,pacasandrs
27200,packman60
27209,pacsgirl36
27216,padistedor
27217,padoozles
27226,pagilchrist
27250,paladiumcrayon
27291,pamelaswanson17
27294,pamellalala
27307,panama6715
27314,panegron
27332,paolalopez1971
27342,papaesoco
27372,parentella
27397,partingthots
27406,pascorevolution
27410,passman47
27422,pasweetwater40
27426,patcheckingin
27434,patechinois1
27456,patriciabride
27467,patrick_hostis
27468,patrick_ruffolo
27490,patriot_first
27493,patriot_mm
27503,patriotic_me
27507,patrioticmomusa
27517,patriots928
27533,patrperfection
27540,pattiberry31666
27541,pattiewhi1
27543,pattipropst
27558,pattypan
27564,patvpeters
27569,patzyjo
27582,pauladuvall2
27586,paularitchie3
27604,paulie227
27607,paulinaastrozas
27616,paulmeyer745
27640,paulstout10
27694,pcsreasy
27706,pdqaccessories
27717,peacebird9
27726,peacepox
27728,peacetowar
27731,peachkhope
27739,pearls4thesoul
27772,peggyburgess17
27776,peggyfryer5
27784,pele_my
27808,pennyhicks13
27818,pentalupi_dhpjr
27819,penultimatepen
27829,pepley44
27833,pepperlesszzz
27849,perfectsliders
27856,perley56
27882,petalbelle
27888,petefrt
27902,peterbuilt1900
27915,peterjtparker
27931,peterwalt7
27943,petpanther0
27958,pewdrdad
27971,pgriffin131
27977,phallicmanic
27987,phatpuppyart
27996,phiberphan
27998,phil_mattingly
28001,phildecarolis
28025,philtering1
28041,photogal2020
28052,phucknicki
28061,phyllis_mac
28064,phyllishart16
28081,pie_socialmedia
28084,piercebboop
28086,piercedart
28097,pikester45
28107,pimlicopolitics
28117,pink_natey
28118,pink_sprnva
28143,pioneeredv
28181,pjlacasse22
28187,pjpaton
28188,pjstrikeforce
28189,pjupfront
28190,pjw20161951
28192,pk2929
28210,plantflowes
28230,plexusroo
28234,plisaj
28238,plumber_p
28240,plume1
28241,plummer4
28251,pmbasse
28254,pmeadep
28256,pmesta7
28257,pmgeezer
28264,pmorris153
28266,pmswolfy
28269,pmurtrump
28277,pnwretired
28322,poliposse
28327,politacs7
28332,politcswatch
28339,politic2k
28344,politicalchic20
28364,politicat1
28366,politician_news
28380,politics_onfire
28383,politics4all
28396,politicsopenn
28397,politicspeach
28400,politicstoday_
28402,politicsusanews
28411,politijoe2
28426,pollnewsnetwork
28430,pollyantics
28468,poohsbrana
28492,poppylee53152
28507,portlandepeak
28513,positivelywin14
28532,powell_jodi
28537,powergiba
28538,powerglobalus
28554,pplenkie
28565,pr_evans_351
28579,prayerbundles
28592,prepostericity
28609,presswirenews
28630,price_emj
28643,primmrs
28652,princessbibirf_
28656,princessmom122
28661,printingsharon
28665,priscconnel
28692,prof_pehz
28736,prometheuslaw
28746,prospectia
28754,proud2bnamericn
28783,psael
28784,psalm11813
28786,psalm2607
28790,psc96180_pablo
28798,pslindeman
28804,psu170450
28806,psw_66
28823,ptitsthompson
28863,punchumgum
28885,purplesaucy3
28887,purrpatrol
28912,pwm4u
28915,pwpcgirl
28942,qkode
28943,qktipcom
28949,qosmodia
28961,quack4bernie
28997,quicksilver2723
29011,quirkyme
29014,quitfreeloading
29023,qwerty91231
29037,r0ma_invicta
29039,r1944gmailcom
29048,r98250729
29052,raampsch
29054,rabbeni_kim
29061,race4president
29062,raceforthewh
29079,rachelkingmakeu
29101,radiofreecon
29113,radren76
29118,raechelmcghee
29131,rafat777
29156,raiderfan52
29160,raincoatgirl_
29167,rajamel2107
29179,ralphb47
29182,ralphhornsby
29186,ralphschiano
29210,ramtoad
29230,randman41
29236,randomxnp
29259,rangertx212
29262,ranman09
29266,rantreaper
29271,raoulduke_ii
29288,rashidaldosari
29323,rawdawgbuffalo
29346,rayheard
29347,rayjeffrey4
29364,raypegphoto
29365,rayskidude
29378,razzleberry_e
29385,rbcjoh
29397,rbtkhn
29402,rcafraf
29413,rckchalk
29441,rdp24k
29446,rdsweb
29496,realdocbrent
29499,realdonaldtrmmp
29507,realfknnews
29517,realitychek2015
29518,realitychick01
29531,realjimkime
29536,realjohnnyz
29545,realkingrobbo
29550,reallytrue101
29563,realmuckmaker
29577,realshaynes2016
29582,realtalktruthd
29585,realtimehack
29588,realtortto
29617,rebeccayeung5
29637,recorsino
29646,red_white__blue
29647,red1echo
29659,redchuckjack
29685,redletter99
29716,redsonic17
29728,redwarpig
29799,rem3276
29844,repman247
29853,reportero_a
29859,republic2016
29870,republikim1
29881,residentoffl
29890,respectpunk434
29894,ressiger1111
29899,retasue47
29904,retiredfirecapt
29916,rettinol
29965,rfleetw
29966,rflpolitics
29983,rgreen00
29990,rharrisonfries
30015,rhyne_marylene
30037,richard_furness
30040,richard27554006
30042,richardamathews
30046,richardcircle
30090,rickandkim30yrs
30091,rickbkylex
30106,rickmcsmith
30115,ricky_vaughn99
30130,ricphyl
30135,ridgely
30146,rifmaz
30148,riggyqueen
30153,rightasrain7
30154,righthot
30155,rightmomof2
30171,riingram
30175,rikki1952
30179,riley_green2020
30186,rimcgc
30187,rimelnikova8757
30199,rioslade
30211,ris1scott
30215,risetoflyy
30217,riskyliberal
30238,riwired
30255,rjnuff
30271,rkf1215
30276,rklee24
30291,rlocker12
30301,rltechorg
30305,rm1268
30310,rmack2x
30344,rnrnorthdakota
30396,robertbelfi
30420,roberto_067
30424,robertp3743
30448,robertwrogers1
30450,robhalperin
30453,robin182zz
30458,robinjb73
30461,robinmcouch
30476,robmorroliberty
30493,robtdfischl
30499,robynlynn62
30500,robynmastandrea
30517,rocketmanxl1
30525,rockondude2
30527,rockprincess818
30534,rockstockraven
30536,rockwithbeck2
30539,rocky4959
30541,rockyintx
30542,rockynickydog
30559,rodhenry9
30570,rodrikdani
30575,rofakamrd
30578,roger_clinton1
30609,rokzavrtanik
30639,ronaadams63
30641,ronalddukein
30653,rondabradley00
30659,rondondiputado
30667,ronjellison
30673,ronnie60796238
30679,ronny_malone
30696,rookstockpicker
30706,roqchrisy
30708,rorlolson
30710,rorycross10
30724,rosapac37051918
30725,rosariocardoza2
30731,roseannmartora1
30752,roses12411
30758,rosevine3
30762,rosheenamend
30784,rothfarms
30787,rotor_head101
30793,roughrrider
30799,rowast
30814,roxyspd5
30820,roy12212012
30830,roycan79
30867,rripror
30876,rrtapia
30877,rrtaylor52
30894,rsnghost
30899,rspy88
30923,rthomas937
30925,rtoberl
30937,rubbertycoon
30950,rubylu18
30964,rue_berger
30967,ruffdood
30981,run_ishere
31011,russelltim151
31015,russmove
31021,rustythimble54
31022,rutavala1
31024,ruth_prodan
31028,ruthall80424625
31031,ruthieaustin
31033,ruthperricone
31041,rvnhoose
31042,rvogt1_cba
31043,rvponders
31072,ryan_johnson
31107,ryansp1973_p
31117,ryl5858
31129,rz88tom
31131,rzhevsky
31132,rzimms
31168,sachaidk
31170,sacharmaine
31194,sagesavant
31201,sahof1
31233,salkken
31234,sallyau81783497
31241,sallysi84056611
31245,salonpasca
31292,samelmo1
31299,samiam4044sandy
31301,saminhim
31314,sammiesmiles8
31328,sampleatl
31330,sampson_elaine
31331,sampsonsmum
31374,sandandsea2015
31378,sandee9378
31384,sandersequality
31392,sandiegopost
31414,sandrali07
31419,sandrarumanek1
31421,sandrasick
31438,sandyhermannj
31442,sandyleevincent
31447,sandyriccobono
31483,santgrey
31495,saos50
31503,sapphire80129
31523,sarahal15586515
31559,saratjoy
31562,saraweb41827570
31565,sardnas51
31567,sareed59
31574,sari_swensen
31580,sartoris1960
31589,saskamare
31597,sassynsis
31598,sassyp100
31599,sassypantsjj
31601,sassysdreams
31610,satin_silkn
31614,sattletramp
31622,saulussedai
31632,saveaslave
31638,saveusrepublic2
31682,sbzsbzerskl
31719,schestowitz
31723,schlagerbomb
31743,schwabre
31762,sconnortx
31766,scooterdavis1
31774,scotfree91
31794,scottgrealty
31797,scottienhughes
31800,scottish2016
31827,scout1881
31837,screenslaver
31839,script_expert
31845,scttye64
31857,sdc0914
31861,sddphoto
31868,sdnorthshore2
31876,sduffey
31880,sea_bucklin
31942,seawordg
31957,secretaz12
31965,secularstupiddd
31998,seldengadawgs
32003,selfman999
32014,semperfelix
32031,sephius1999
32034,ser1897
32044,serendipiterry
32048,serenity82108
32066,servivigiledeus
32095,severiodiana
32100,sewingsandra
32116,seymourbutz12
32148,shad0wsquad
32149,shad39
32155,shadowboxer50
32159,shadowsalute
32190,shamanictaoist
32201,shane_dechellis
32204,shane106320
32218,shannaidk
32219,shannon07884884
32224,shannoneg68
32250,sharneal
32256,sharonday5
32258,sharonj44257163
32259,sharonkaytally
32268,sharonroarty1
32269,sharons72105601
32273,sharplyright
32328,sheep_dawgs
32354,shelbyfeedom
32356,shelbypitt8pitt
32358,shell_belle5
32361,shelley2021
32376,shepbiz
32386,sherigreatfalls
32391,shermanhills
32394,sherrburns
32395,sherrey12
32401,sherrimama
32403,sherriwilkie
32406,sherry_kerdman
32413,sherrysherryy1
32425,shewhovotes
32428,shiakapos
32450,shirleyritenour
32452,shirleyvc725
32513,shreyanews365
32517,shs_2015_1997
32520,shure_nuff
32524,shwaynorris
32526,shybambi83
32556,sierradante
32571,signsbeliever
32572,sigstarget
32582,silentmajorityu
32588,silly_elsa
32592,sillysox2
32603,silverfoxoo7
32606,silverhodge
32658,singerman2000
32668,singsandsews
32677,sir_mycroft
32680,sirbryan1955
32682,sirdaaz
32696,siryussly
32701,sismismo
32707,sistod
32716,sixkiller1835
32750,skcalab
32755,skeetnssa
32762,skidwillie
32791,skorpyos
32802,skyeshepard
32806,skyjones55
32841,slh2813
32850,slidindelta
32864,slone
32881,slynaa3
32895,smallggay
32898,smaralbloshii
32899,smart3dweb
32907,smartstik
32911,smashlock13
32916,smbiznewjersey
32941,smiley108549
32947,smillr
32977,smondragon613
32982,smoothkobra
32989,smp0711
32992,sms0257
33006,snaatn
33015,snappyseaturtle
33018,snarkyc
33023,sneetchesstar
33027,snewshound
33059,snowfaked
33065,snv4bc
33071,soapfangh50
33075,sobczaksusan
33118,socrates090
33120,socratic1
33139,sokeijarhead
33168,solutioneer72
33184,songbirdcd
33193,soniaerasmus
33209,sonnytfoth
33217,sonofscotland70
33230,soonergirl000
33243,sophie_oshay
33254,soriv512
33282,southcb007
33298,southpaw816
33319,spa11ce
33323,spacehurdygurdy
33331,spanglesvi
33352,sparkynadine
33354,sparrosm
33357,spartan_fury67
33391,spiderella79
33394,spidsdddddd
33396,spiers_shea
33406,spjcolo
33415,spone63
33468,sr_abrams
33486,srfulton22
33493,srm_38
33499,srrabon_
33513,sscottssmith84
33515,ssechrist12
33518,ssgdjdaily
33522,ssmcdan
33524,ssnjl
33540,stace2016
33543,staceymalaine
33546,stacie_matta
33554,stacybrewer18
33561,stahlzart
33565,stand_fight_act
33566,stand4ouranthem
33606,starlow15
33611,starrick1
33612,starringsteve
33614,starrtraveler29
33641,stealmartin
33652,steeone
33678,stelliet
33712,stephenstephan
33722,stephschrep
33767,stevemeredith21
33772,steven06639
33773,steven17278768
33782,stevenheinlein1
33789,stevenptruong
33800,stevepppppppp
33803,stevesagarra
33807,stevesgoddard
33812,stevestoop
33818,stevewells11
33841,stillusa1st
33864,stockdemons
33865,stockguy61
33876,stolmeier
33886,stonewall_sue
33889,stooge_3
33892,stopcollusion
33926,straighthillary
33941,stribl2charllot
33946,stringfellow2
33954,strongeramerca
33957,ststwo
33965,stuckin_mud
33973,stuffgirlslike
33979,stupidboomers
33996,suaveadonis
33999,subedew
34003,sublyminal121
34006,subu44burke
34016,sudischuricht
34021,sue51684
34023,suebrookes10
34030,suekhi
34034,sueq84
34046,suicide_romance
34063,sumenn7063
34083,sunflowerevenin
34096,sunnyallamerica
34105,sunpro1998
34107,sunserger
34110,sunshinedodge
34112,sunshinek67
34116,suntan48
34118,sunwatersand
34133,supernikorn
34134,supernovaelite2
34139,supersenior76
34141,supertex1955
34184,susandaley0128
34193,susanfujioka
34201,susank21
34210,susanmoseley4
34237,susieq1900
34240,susieroussel11
34244,sutter_says
34251,suzannefleming9
34254,suzanneharper4
34263,suzettepetillo
34270,suzknit
34271,suzost
34278,suzziees3
34279,svagdis
34282,svcavet
34312,sweepnwin
34324,sweetkittycats
34339,swiftread
34345,swimspajohn
34347,swissairliner
34354,swolenbrain
34360,swshaps3
34366,sybilt2
34374,sydphiluxy
34383,sylviafarina
34384,sylvie_carey
34392,syqau
34399,szucrm
34407,t_homegas
34412,t_nayaann
34437,tabruns
34439,tachaloux
34442,tackertfg
34453,tagruber
34461,taiping2
34471,takingit_back
34489,talknerdytome72
34526,tammaramaiden1
34537,tammysteiger
34548,tanajam
34562,tanoeng
34568,tanyarobberson
34576,tapperdon
34581,tarads47
34592,tardjohnson
34594,tarheels3309
34600,tarkan291
34606,tas15234059
34615,taterx
34616,tates5a
34621,tatreeves63
34629,tawny2222
34672,tbird168
34673,tbk1955
34677,tboatdude
34681,tboges2010
34692,tbutlerrealtor
34696,tcarrels
34702,tcmccarthy_
34716,tdawg0925
34727,tea0704
34729,teach3ca
34732,teacherfortrump
34735,tealalltheway
34739,teamdanc
34758,teasha609
34792,tedkidd
34801,tedsthetruth
34875,teresabob
34885,teria1950
34893,teritee66
34900,terracotta05
34909,terretbehlog
34910,terri_cooney
34916,terriblowers
34919,terrihartford
34923,terrimathes
34942,terrymendozer
34945,terrynielsen11
34949,terrywh50139060
34975,texasfreedom101
34979,texaskowgirls
34987,texgalleslie
34989,texianrising
35007,tgm0ney
35013,th2shay
35040,thats2badworld
35051,the_amish_txtr
35062,the_devik
35075,the_lastestnews
35083,the_other_kimk
35107,the7thmatrix
35141,theboobla
35153,thecampaign2016
35157,thecheddarbob
35158,thecherietaylor
35188,thedavey56
35197,thedogpound1
35206,thedrkangel1
35221,thefelixnyc
35238,thegayconservat
35247,thegopjesus
35251,thegreatfeather
35253,thegrouchypuppy
35264,thehill
35265,thehillreport
35270,thehoodednorman
35272,thehorsesayz
35277,theillien
35288,thejaggins
35359,themcfaceman
35373,themphayze
35387,thenewsofusa
35412,theonlyadult
35429,thepeoriakid
35435,thepigskincolum
35437,thepolicitictod
35438,thepoliticalcat
35446,theprimeoftrump
35448,thepshack
35455,thequeenismad
35458,theratzpack
35503,theresamechele
35504,theresapagano
35511,therightislost
35514,therightworks
35537,thesiliconhill
35553,thesugarstudioc
35562,thetobster111
35571,thetrumpnews
35588,theveni1
35594,theweehours
35609,theypolitician
35619,thinker7721
35623,thinkhonesty
35648,thisisnotpolite
35656,thomas_eskew
35660,thomasd6577
35672,thomassee1215
35676,thompsoncheri22
35683,thornedella
35687,thorpeocto
35713,thumppooh
35727,thwayitiz
35736,tiberiancrisis
35740,ticketdust
35758,tigcook
35780,tilebobs
35781,tillerylakelady
35792,tim26264
35802,timefordonaldt
35804,timefortrumppp
35809,timelessjules
35822,timiochukwu
35837,timothy41113520
35876,tinimarty8
35888,tirateunping
35908,tjc1943
35916,tjmitchjohnson
35938,tlandin
35955,tlwtexas
35974,tmitony
35983,tmlivy56
35984,tmmckinney777
35991,tn_lyn
35993,tnapy0130
35994,tndemocrats
35997,tnlafferty
36002,tnpaw
36003,tnpmanager
36004,tnshelton
36006,tntguerrero
36024,toby_dorena
36025,toby1995
36030,todayamerican
36035,todd66clark
36053,tokaise
36136,toni_malin
36157,tonya_smith1021
36159,tonybeavers1
36169,tonyhuber01
36175,tonym1154
36205,tooyoung65
36217,topkubob
36229,toreilly
36235,toriteatonic29
36274,tovangar2
36282,toxic11
36287,tpacific
36295,tpoliticmanager
36332,tradernob
36364,travel611
36365,travelbug1955
36368,traviolio
36399,treetopangel
36448,tricia_ridgeway
36491,trixie9720
36493,trixywh
36506,troneworldorder
36517,troyawalters
36519,troycoby
36522,trphrophet
36525,tru768
36554,trump_landslide
36561,trump_trash
36563,trump_wpa
36578,trumpamericann
36581,trumpattack2016
36586,trumpcrew
36587,trumpeeee
36589,trumpemall
36593,trumpfeeds
36608,trumpinatorspks
36611,trumpisamerica
36614,trumpistheboss3
36615,trumpisthetrue
36618,trumplaney
36625,trumpman4life
36632,trumpolitic
36635,trumppatriot2
36638,trumppridetv
36643,trumpresdent
36644,trumpresident_2
36647,trumps_all
36648,trumps_train
36659,trumpster23
36662,trumpsterfire1
36663,trumpsterpistol
36668,trumptemplar
36671,trumptrain09
36675,trumptrainonly
36678,trumptruthsnow
36690,trustedtrevor
36692,trustygordon
36707,truthglow
36712,truthismaster
36725,tryn2rest
36729,tsaxtalk
36745,tstweetin
36765,tuber10614630
36781,tulip1688
36782,tullyframe
36785,tulusmom
36815,turnermx
36822,tuskenuf
36826,tuxitixtwo
36833,tvineberg
36834,tvlmalsawmsanga
36875,tweettw88036790
36876,tweetwen115
36881,twi_brarian
36884,twiez07
36889,twilite6759
36897,twisted147
36906,twitlertwit
36915,twittachicca
36931,twright55
36942,txiliacredidio
36944,txjack69
36962,txwittylady
36965,tyberzannxxxx
37027,uberyacht
37045,ufohunterorguk
37062,uk_disgrace
37076,uliw315
37077,ullrichmr
37090,umass94
37105,unboundsw
37108,unchuq
37141,unionhypocrisy
37151,unitedcitizen01
37161,universe2519
37174,unmgmt
37181,unreconspatriot
37197,up_viking
37199,upayr
37221,urnuts73
37230,urubugonzales
37239,usa___forever
37244,usa4trumpnation
37251,usadispatcher
37255,usaforamericans
37257,usaforyoubruv
37262,usahipster
37277,usathebest1
37279,usatopguns
37314,uspatrol
37315,usplaymoney
37316,uspoli
37359,va4djt
37369,vagrigoreva5245
37401,valorstreet15
37405,valueit8
37409,vampire1812
37416,vandefifer
37432,vanjimbo
37437,vannagrammyliz
37439,vannsmole
37443,vansulli
37460,vasilefalcone
37462,vastumper
37464,vatxn
37477,vcapozzi2
37478,vcegda9999
37492,vegan_mary
37501,veilrising13ea
37521,venet_phyllis
37532,venusservant
37574,vetapologist
37576,veteranaf
37582,vetsforobama
37584,vetteil
37594,vhodgeauthor
37601,vibbivvib
37605,vic_tracy
37606,viccampbell
37614,vicitrue
37616,vickers_hannah
37623,vickiespringer
37627,vickimdonovan
37628,vickiroman2
37651,victorm37282014
37655,victoryablins
37700,vincent_usa22
37704,vinegaralcohol
37707,vinjenn0627
37709,vinniekniffen
37721,vinricciardi
37732,violetacarieles
37733,violetblairbro1
37735,violetmae1547
37752,viralpolitic
37761,virocoin
37771,vistajake
37803,vjeannek
37823,vmetu
37829,vnuek
37836,vodkaprofessor
37841,voiceoverperson
37851,volpappaw
37858,vonna_husby
37870,vote2stophillay
37873,vote4jillstein1
37879,votedocbryant
37883,voteforclintons
37906,vpbreak
37914,vsansome
37921,vthibeau
37932,vvargas777
37937,vwns4u
37959,wade_turnbull
37980,wal_jt
37993,walkmaster1
38009,wallyrico
38011,walmart1969
38025,walthess
38033,wamplerjim
38035,wanda_wandamc
38038,wandahickory
38051,wannabelikmike
38060,ward4anderson
38062,wardboomboom
38086,warrenuchi
38094,wary12
38115,watchmen11b
38119,waterflowerm
38123,waterscmw
38163,wburke20
38201,wechoosewisdom
38210,wegetnews
38216,weinfeldruth
38231,welovetrumpnews
38234,wemittpatrick
38245,wendyknox64
38249,wendyprince2
38265,werimmortals
38282,west1bateman
38316,wgspoulos
38317,wh10703546
38342,wheelercynthia
38347,wherami
38357,whiskeytango325
38379,whitefishjk
38380,whitegearygeary
38388,whitewolf8214
38397,whkilroy
38406,whoo_gravy
38407,whosdickig2suck
38411,whosgonegalt
38428,whysytena
38442,widdawisa
38444,widget4bc
38462,wildbez
38476,wildpaz1_
38487,willa5789
38494,willbenton1
38495,willcboha64
38507,william50289118
38508,williamamos
38511,williamchenowe9
38552,willyzkurui
38561,wiltonmommy
38562,wiltyrachel
38568,windflwr
38578,winegirl73
38584,wingintheridge
38586,wingzblessed
38603,wiredterrier
38618,witchirish
38640,wlabovitz
38661,wmced
38680,woflwaffle
38683,wolfbeethoven
38688,wolfenspride
38703,wolviehowlin
38716,womenworldnews1
38728,wood_brdwood68
38730,woodfloorsdirec
38736,woodseysmith
38761,worldgoneweird
38765,worldnews_net
38766,worldnews24_7
38787,wpblessinginmd
38793,wpufall
38794,wraithvenge
38805,writeonthemark6
38851,wufandmew
38852,wuhbam
38867,wvufanagent99
38874,wwlee4411
38884,wyattearp2
38891,wyomobe
38893,wysini
38908,xamerican
38921,xavvypls
38931,xebec78
38975,xpraider
38994,xxstate
39054,yardonna
39073,yayayarndiva
39077,yceek
39089,yellowribbon2
39102,yerzinia1
39120,yllekonadnerb
39124,ymcglaun
39152,yolanda1277
39173,yoshiz455
39196,younginformed87
39199,youngstunna_14
39224,yoyosgirl42
39231,ysbnews
39259,yvmatters
39270,z1nomad
39271,z3pp3in
39291,zachsnews
39299,zackfraser
39316,zakbutterfield
39334,zanne120
39342,zaramuradi
39345,zarember_cindy
39351,zavie8
39374,zelidasquare
39383,zenokubist
39416,ziffykat
39439,zitherbelll
39475,zoom81
39494,zukayyam
39495,zukinjim
39502,zulugirl13
39509,zuzi_64
39517,zz201